0,Barnes,1,London,N6A 3K7,ON,CA
1,Flores,4,London,N6A 3K7,ON,CA
2,Bennett,3,Windsor,N9B 3P4,ON,CA
3,Peterson,3,Windsor,N9B 3P4,ON,CA
4,Watson,4,Ottawa,K1N 6N5,ON,CA
5,Roberts,3,Ottawa,K1N 6N5,ON,CA
6,Hernadez,3,Hamilton,L8S 4L8,ON,CA
7,Gonzalez,4,Whitby,M5S 4E2,ON,CA
8,Ramirez,4,Hamilton,L8S 4L8,ON,CA
9,Brooks,2,Glenburnie,L6H 7G6,ON,CA
10,Bing,1,Windsor,N9B 3P4,ON,CA
11,Sanchez,3,Teeswater,N0G 2S0,ON,CA
12,Hill,3,Windsor,N9B 3P4,ON,CA
13,Rodriquez,2,Windsor,N9B 3P4,ON,CA
14,Perry,4,Ottawa,K1N 6N5,ON,CA
15,White,1,Hamilton,L8S 4L8,ON,CA
16,Bailey,1,Ottawa,K1N 6N5,ON,CA
17,Washington,4,Ottawa,K1N 6N5,ON,CA
18,Lee,4,Ottawa,K1N 6N5,ON,CA
19,Walker,4,Whitby,M5S 4E2,ON,CA
20,Barnes,2,Toronto,M5S 4E2,ON,CA
21,Jackson,2,Ottawa,K1N 6N5,ON,CA
22,Hernadez,3,Hamilton,L8S 4L8,ON,CA
23,Allen,1,Teeswater,N0G 2S0,ON,CA
24,Murphy,4,Toronto,M5S 4E2,ON,CA
25,Phillips,2,Hamilton,L8S 4L8,ON,CA
26,Washington,2,Toronto,M5S 4E2,ON,CA
27,Rodriquez,4,Hamilton,L8S 4L8,ON,CA
28,Cox,3,Teeswater,N0G 2S0,ON,CA
29,Wood,4,Whitby,M5S 4E2,ON,CA
30,Hughes,3,Glenburnie,L6H 7G6,ON,CA
31,Long,1,Whitby,M5S 4E2,ON,CA
32,Butler,2,Teeswater,N0G 2S0,ON,CA
33,Rodriquez,2,Hamilton,L8S 4L8,ON,CA
34,Walker,1,Whitby,M5S 4E2,ON,CA
35,Garcia,4,Teeswater,N0G 2S0,ON,CA
36,White,3,London,N6A 3K7,ON,CA
37,Johnson,1,Teeswater,N0G 2S0,ON,CA
38,Howard,3,Hamilton,L8S 4L8,ON,CA
39,Long,4,Windsor,N9B 3P4,ON,CA
40,Evans,2,London,N6A 3K7,ON,CA
41,Anderson,1,London,N6A 3K7,ON,CA
42,Rodriquez,3,Whitby,M5S 4E2,ON,CA
43,Sanders,2,Whitby,M5S 4E2,ON,CA
44,Martin,3,Teeswater,N0G 2S0,ON,CA
45,Ramirez,4,Glenburnie,L6H 7G6,ON,CA
46,Richardson,2,Windsor,N9B 3P4,ON,CA
47,Brown,2,Windsor,N9B 3P4,ON,CA
48,Moore,2,Ottawa,K1N 6N5,ON,CA
49,Rodriquez,1,Windsor,N9B 3P4,ON,CA
50,Gray,1,Ottawa,K1N 6N5,ON,CA
51,Howard,1,Ottawa,K1N 6N5,ON,CA
52,Davis,4,Glenburnie,L6H 7G6,ON,CA
53,Peterson,4,Toronto,M5S 4E2,ON,CA
54,Powell,4,Teeswater,N0G 2S0,ON,CA
55,Walker,4,Windsor,N9B 3P4,ON,CA
56,Robinson,2,Whitby,M5S 4E2,ON,CA
57,Jones,1,Teeswater,N0G 2S0,ON,CA
58,Barnes,1,Windsor,N9B 3P4,ON,CA
59,Green,2,London,N6A 3K7,ON,CA
60,Bryant,1,Toronto,M5S 4E2,ON,CA
61,Robinson,2,Glenburnie,L6H 7G6,ON,CA
62,Rodriquez,1,Glenburnie,L6H 7G6,ON,CA
63,Turner,2,Teeswater,N0G 2S0,ON,CA
64,Sanchez,4,Ottawa,K1N 6N5,ON,CA
65,Thompson,2,Hamilton,L8S 4L8,ON,CA
66,Taylor,3,Ottawa,K1N 6N5,ON,CA
67,Harris,3,London,N6A 3K7,ON,CA
68,Ross,2,Windsor,N9B 3P4,ON,CA
69,Diaz,2,Windsor,N9B 3P4,ON,CA
70,Washington,1,Toronto,M5S 4E2,ON,CA
71,Powell,4,London,N6A 3K7,ON,CA
72,Thomas,2,Glenburnie,L6H 7G6,ON,CA
73,Butler,4,Hamilton,L8S 4L8,ON,CA
74,Perez,3,Glenburnie,L6H 7G6,ON,CA
75,Rivera,1,Hamilton,L8S 4L8,ON,CA
76,Gonzalez,4,Windsor,N9B 3P4,ON,CA
77,Stewart,2,London,N6A 3K7,ON,CA
78,Bryant,3,Teeswater,N0G 2S0,ON,CA
79,Wood,4,Ottawa,K1N 6N5,ON,CA
80,Perez,2,Windsor,N9B 3P4,ON,CA
81,Ross,4,Whitby,M5S 4E2,ON,CA
82,White,1,London,N6A 3K7,ON,CA
83,Brooks,2,Glenburnie,L6H 7G6,ON,CA
84,Russell,3,Ottawa,K1N 6N5,ON,CA
85,Baker,2,Hamilton,L8S 4L8,ON,CA
86,Harris,2,Windsor,N9B 3P4,ON,CA
87,Barnes,2,London,N6A 3K7,ON,CA
88,Cook,1,London,N6A 3K7,ON,CA
89,Nelson,3,Hamilton,L8S 4L8,ON,CA
90,Clark,2,Whitby,M5S 4E2,ON,CA
91,Bailey,4,London,N6A 3K7,ON,CA
92,Phillips,4,London,N6A 3K7,ON,CA
93,James,4,Ottawa,K1N 6N5,ON,CA
94,Russell,4,Hamilton,L8S 4L8,ON,CA
95,Hughes,2,Toronto,M5S 4E2,ON,CA
96,Perez,2,Teeswater,N0G 2S0,ON,CA
97,Wilson,4,Glenburnie,L6H 7G6,ON,CA
98,Foster,4,London,N6A 3K7,ON,CA
99,Coleman,2,Toronto,M5S 4E2,ON,CA
100,Cooper,4,Glenburnie,L6H 7G6,ON,CA
101,Lopez,4,Windsor,N9B 3P4,ON,CA
102,Ward,1,Teeswater,N0G 2S0,ON,CA
103,Davis,4,Glenburnie,L6H 7G6,ON,CA
104,Rodgers,4,Glenburnie,L6H 7G6,ON,CA
105,Jenkins,1,London,N6A 3K7,ON,CA
106,Davis,2,Toronto,M5S 4E2,ON,CA
107,King,1,Hamilton,L8S 4L8,ON,CA
108,Ross,4,Hamilton,L8S 4L8,ON,CA
109,Jones,3,Glenburnie,L6H 7G6,ON,CA
110,Long,1,Toronto,M5S 4E2,ON,CA
111,Barnes,4,London,N6A 3K7,ON,CA
112,Anderson,4,Ottawa,K1N 6N5,ON,CA
113,Flores,4,Ottawa,K1N 6N5,ON,CA
114,Jackson,4,Hamilton,L8S 4L8,ON,CA
115,Scott,1,Toronto,M5S 4E2,ON,CA
116,Miller,4,Glenburnie,L6H 7G6,ON,CA
117,Jackson,4,Hamilton,L8S 4L8,ON,CA
118,Richardson,3,Glenburnie,L6H 7G6,ON,CA
119,Gray,2,Ottawa,K1N 6N5,ON,CA
120,Wood,2,Teeswater,N0G 2S0,ON,CA
121,Taylor,2,Whitby,M5S 4E2,ON,CA
122,Bryant,3,Whitby,M5S 4E2,ON,CA
123,Stewart,4,Whitby,M5S 4E2,ON,CA
124,Watson,1,Teeswater,N0G 2S0,ON,CA
125,Scott,1,Windsor,N9B 3P4,ON,CA
126,Washington,4,Windsor,N9B 3P4,ON,CA
127,Robinson,2,Windsor,N9B 3P4,ON,CA
128,Morgan,3,Windsor,N9B 3P4,ON,CA
129,Perez,4,Toronto,M5S 4E2,ON,CA
130,Murphy,4,Whitby,M5S 4E2,ON,CA
131,Wright,2,Toronto,M5S 4E2,ON,CA
132,Hill,3,Glenburnie,L6H 7G6,ON,CA
133,Smith,1,Toronto,M5S 4E2,ON,CA
134,Moore,2,Whitby,M5S 4E2,ON,CA
135,Price,2,Glenburnie,L6H 7G6,ON,CA
136,Peterson,2,Glenburnie,L6H 7G6,ON,CA
137,Martin,3,Windsor,N9B 3P4,ON,CA
138,Green,1,Teeswater,N0G 2S0,ON,CA
139,Hill,3,Windsor,N9B 3P4,ON,CA
140,Clark,1,Whitby,M5S 4E2,ON,CA
141,Ross,1,Ottawa,K1N 6N5,ON,CA
142,Jackson,3,Toronto,M5S 4E2,ON,CA
143,Cook,3,Windsor,N9B 3P4,ON,CA
144,Torres,4,Hamilton,L8S 4L8,ON,CA
145,Adams,4,Windsor,N9B 3P4,ON,CA
146,Sanchez,4,London,N6A 3K7,ON,CA
147,Moore,4,Glenburnie,L6H 7G6,ON,CA
148,Green,3,London,N6A 3K7,ON,CA
149,Adams,3,Teeswater,N0G 2S0,ON,CA
150,Bryant,4,Ottawa,K1N 6N5,ON,CA
151,Stewart,2,London,N6A 3K7,ON,CA
152,Kelly,4,Windsor,N9B 3P4,ON,CA
153,Harris,2,Teeswater,N0G 2S0,ON,CA
154,Green,3,Toronto,M5S 4E2,ON,CA
155,Hernadez,4,Windsor,N9B 3P4,ON,CA
156,Gray,1,London,N6A 3K7,ON,CA
157,Perry,1,Ottawa,K1N 6N5,ON,CA
158,Smith,2,London,N6A 3K7,ON,CA
159,Thompson,4,London,N6A 3K7,ON,CA
160,Bryant,4,Teeswater,N0G 2S0,ON,CA
161,Gray,4,Toronto,M5S 4E2,ON,CA
162,Carter,1,Windsor,N9B 3P4,ON,CA
163,Smith,4,Whitby,M5S 4E2,ON,CA
164,Richardson,2,London,N6A 3K7,ON,CA
165,Perry,4,Whitby,M5S 4E2,ON,CA
166,Carter,1,Whitby,M5S 4E2,ON,CA
167,Morris,2,Glenburnie,L6H 7G6,ON,CA
168,James,3,Hamilton,L8S 4L8,ON,CA
169,Sanders,4,Whitby,M5S 4E2,ON,CA
170,Bailey,2,Ottawa,K1N 6N5,ON,CA
171,James,4,London,N6A 3K7,ON,CA
172,Patterson,4,Glenburnie,L6H 7G6,ON,CA
173,Price,1,Windsor,N9B 3P4,ON,CA
174,Gonzalez,3,Whitby,M5S 4E2,ON,CA
175,Jenkins,1,Whitby,M5S 4E2,ON,CA
176,Simmons,1,Whitby,M5S 4E2,ON,CA
177,Smith,1,Glenburnie,L6H 7G6,ON,CA
178,Hall,4,Ottawa,K1N 6N5,ON,CA
179,Clark,2,Toronto,M5S 4E2,ON,CA
180,James,1,London,N6A 3K7,ON,CA
181,Scott,4,Glenburnie,L6H 7G6,ON,CA
182,Lee,3,Teeswater,N0G 2S0,ON,CA
183,Perry,1,Glenburnie,L6H 7G6,ON,CA
184,Flores,4,Windsor,N9B 3P4,ON,CA
185,Clark,3,Toronto,M5S 4E2,ON,CA
186,Lee,4,London,N6A 3K7,ON,CA
187,Wilson,2,Teeswater,N0G 2S0,ON,CA
188,Nelson,3,Teeswater,N0G 2S0,ON,CA
189,Barnes,4,Glenburnie,L6H 7G6,ON,CA
190,James,3,Toronto,M5S 4E2,ON,CA
191,Lopez,1,Hamilton,L8S 4L8,ON,CA
192,Lee,4,Whitby,M5S 4E2,ON,CA
193,Butler,3,Ottawa,K1N 6N5,ON,CA
194,Clark,4,London,N6A 3K7,ON,CA
195,Martin,2,Whitby,M5S 4E2,ON,CA
196,Anderson,2,Toronto,M5S 4E2,ON,CA
197,Hill,1,Whitby,M5S 4E2,ON,CA
198,Brooks,4,Whitby,M5S 4E2,ON,CA
199,Garcia,4,Teeswater,N0G 2S0,ON,CA
200,Adams,4,London,N6A 3K7,ON,CA
201,Turner,2,London,N6A 3K7,ON,CA
202,Brooks,2,London,N6A 3K7,ON,CA
203,Thomas,3,Hamilton,L8S 4L8,ON,CA
204,Bailey,2,Ottawa,K1N 6N5,ON,CA
205,Diaz,2,Teeswater,N0G 2S0,ON,CA
206,Perry,1,London,N6A 3K7,ON,CA
207,Wilson,2,Hamilton,L8S 4L8,ON,CA
208,Washington,2,Hamilton,L8S 4L8,ON,CA
209,Russell,4,Whitby,M5S 4E2,ON,CA
210,Roberts,3,Teeswater,N0G 2S0,ON,CA
211,Richardson,1,Glenburnie,L6H 7G6,ON,CA
212,Jenkins,3,London,N6A 3K7,ON,CA
213,Johnson,4,London,N6A 3K7,ON,CA
214,White,4,London,N6A 3K7,ON,CA
215,Bell,1,Teeswater,N0G 2S0,ON,CA
216,Henderson,3,Toronto,M5S 4E2,ON,CA
217,Robinson,4,Glenburnie,L6H 7G6,ON,CA
218,Martinez,1,London,N6A 3K7,ON,CA
219,Allen,2,Teeswater,N0G 2S0,ON,CA
220,Brooks,3,Teeswater,N0G 2S0,ON,CA
221,Ramirez,2,Glenburnie,L6H 7G6,ON,CA
222,Anderson,3,London,N6A 3K7,ON,CA
223,Murphy,1,Hamilton,L8S 4L8,ON,CA
224,Walker,4,Whitby,M5S 4E2,ON,CA
225,Ramirez,4,Whitby,M5S 4E2,ON,CA
226,Carter,4,Ottawa,K1N 6N5,ON,CA
227,Mitchell,4,Windsor,N9B 3P4,ON,CA
228,Clark,3,London,N6A 3K7,ON,CA
229,Cook,4,London,N6A 3K7,ON,CA
230,Lopez,1,Glenburnie,L6H 7G6,ON,CA
231,Thomas,4,Hamilton,L8S 4L8,ON,CA
232,Robinson,1,Glenburnie,L6H 7G6,ON,CA
233,White,2,Ottawa,K1N 6N5,ON,CA
234,Wood,2,Hamilton,L8S 4L8,ON,CA
235,Martinez,3,London,N6A 3K7,ON,CA
236,Thomas,4,Windsor,N9B 3P4,ON,CA
237,Gray,3,Hamilton,L8S 4L8,ON,CA
238,Roberts,3,Glenburnie,L6H 7G6,ON,CA
239,Bryant,3,Whitby,M5S 4E2,ON,CA
240,Russell,2,Toronto,M5S 4E2,ON,CA
241,Young,3,Glenburnie,L6H 7G6,ON,CA
242,Young,4,Teeswater,N0G 2S0,ON,CA
243,Clark,4,London,N6A 3K7,ON,CA
244,Sanchez,4,Toronto,M5S 4E2,ON,CA
245,Henderson,2,Whitby,M5S 4E2,ON,CA
246,Bryant,2,Teeswater,N0G 2S0,ON,CA
247,Watson,4,Whitby,M5S 4E2,ON,CA
248,Butler,3,Toronto,M5S 4E2,ON,CA
249,Bryant,4,Teeswater,N0G 2S0,ON,CA
250,Davis,4,London,N6A 3K7,ON,CA
251,Harris,3,Ottawa,K1N 6N5,ON,CA
252,Bell,3,Hamilton,L8S 4L8,ON,CA
253,Flores,4,Glenburnie,L6H 7G6,ON,CA
254,Murphy,1,Toronto,M5S 4E2,ON,CA
255,Long,1,Whitby,M5S 4E2,ON,CA
256,Alexander,1,Hamilton,L8S 4L8,ON,CA
257,Scott,4,Toronto,M5S 4E2,ON,CA
258,Wilson,2,Teeswater,N0G 2S0,ON,CA
259,Reed,1,Hamilton,L8S 4L8,ON,CA
260,Wood,4,Windsor,N9B 3P4,ON,CA
261,Torres,1,Ottawa,K1N 6N5,ON,CA
262,Ward,4,Glenburnie,L6H 7G6,ON,CA
263,Collins,2,Toronto,M5S 4E2,ON,CA
264,Richardson,1,London,N6A 3K7,ON,CA
265,Clark,1,London,N6A 3K7,ON,CA
266,Anderson,3,Toronto,M5S 4E2,ON,CA
267,Wood,3,Windsor,N9B 3P4,ON,CA
268,Jones,2,Windsor,N9B 3P4,ON,CA
269,Wood,1,Ottawa,K1N 6N5,ON,CA
270,Harris,1,Hamilton,L8S 4L8,ON,CA
271,Hughes,4,Whitby,M5S 4E2,ON,CA
272,Green,2,Glenburnie,L6H 7G6,ON,CA
273,Cooper,2,London,N6A 3K7,ON,CA
274,Anderson,3,Teeswater,N0G 2S0,ON,CA
275,Rivera,3,Windsor,N9B 3P4,ON,CA
276,Wood,1,Whitby,M5S 4E2,ON,CA
277,Bailey,3,Teeswater,N0G 2S0,ON,CA
278,Miller,3,Whitby,M5S 4E2,ON,CA
279,Flores,4,Windsor,N9B 3P4,ON,CA
280,Sanders,1,Ottawa,K1N 6N5,ON,CA
281,Bailey,1,Glenburnie,L6H 7G6,ON,CA
282,Ramirez,2,London,N6A 3K7,ON,CA
283,Rodgers,1,Whitby,M5S 4E2,ON,CA
284,Powell,3,Hamilton,L8S 4L8,ON,CA
285,Roberts,4,Windsor,N9B 3P4,ON,CA
286,Harris,1,Glenburnie,L6H 7G6,ON,CA
287,Henderson,4,Windsor,N9B 3P4,ON,CA
288,Harris,2,Teeswater,N0G 2S0,ON,CA
289,Kelly,4,London,N6A 3K7,ON,CA
290,Washington,4,Ottawa,K1N 6N5,ON,CA
291,Wood,2,Glenburnie,L6H 7G6,ON,CA
292,Johnson,3,Whitby,M5S 4E2,ON,CA
293,Reed,2,Teeswater,N0G 2S0,ON,CA
294,Wilson,4,Glenburnie,L6H 7G6,ON,CA
295,Wright,3,Ottawa,K1N 6N5,ON,CA
296,Flores,4,Hamilton,L8S 4L8,ON,CA
297,Jackson,2,Whitby,M5S 4E2,ON,CA
298,Taylor,4,Hamilton,L8S 4L8,ON,CA
299,Reed,1,Whitby,M5S 4E2,ON,CA
300,Ward,2,Glenburnie,L6H 7G6,ON,CA
301,Price,3,Glenburnie,L6H 7G6,ON,CA
302,Gray,1,Toronto,M5S 4E2,ON,CA
303,Diaz,1,Ottawa,K1N 6N5,ON,CA
304,Campbell,3,Teeswater,N0G 2S0,ON,CA
305,Scott,1,Toronto,M5S 4E2,ON,CA
306,James,4,Ottawa,K1N 6N5,ON,CA
307,Gray,4,Toronto,M5S 4E2,ON,CA
308,Ross,4,Whitby,M5S 4E2,ON,CA
309,Ross,2,Glenburnie,L6H 7G6,ON,CA
310,Cook,2,Windsor,N9B 3P4,ON,CA
311,Ramirez,3,Toronto,M5S 4E2,ON,CA
312,Washington,2,Toronto,M5S 4E2,ON,CA
313,Torres,2,Teeswater,N0G 2S0,ON,CA
314,Clark,3,Teeswater,N0G 2S0,ON,CA
315,Thomas,3,Glenburnie,L6H 7G6,ON,CA
316,Robinson,2,Toronto,M5S 4E2,ON,CA
317,Harris,2,Hamilton,L8S 4L8,ON,CA
318,Butler,1,Ottawa,K1N 6N5,ON,CA
319,Washington,1,London,N6A 3K7,ON,CA
320,Green,3,Toronto,M5S 4E2,ON,CA
321,Anderson,4,Hamilton,L8S 4L8,ON,CA
322,Brown,4,London,N6A 3K7,ON,CA
323,King,2,Hamilton,L8S 4L8,ON,CA
324,Johnson,3,Hamilton,L8S 4L8,ON,CA
325,Bailey,3,Hamilton,L8S 4L8,ON,CA
326,Wood,4,Whitby,M5S 4E2,ON,CA
327,Torres,2,London,N6A 3K7,ON,CA
328,Miller,4,Toronto,M5S 4E2,ON,CA
329,Henderson,2,Hamilton,L8S 4L8,ON,CA
330,Smith,4,Whitby,M5S 4E2,ON,CA
331,Hernadez,1,Hamilton,L8S 4L8,ON,CA
332,Williams,4,Ottawa,K1N 6N5,ON,CA
333,Martinez,4,Toronto,M5S 4E2,ON,CA
334,Morgan,1,Hamilton,L8S 4L8,ON,CA
335,Smith,4,Toronto,M5S 4E2,ON,CA
336,Torres,4,Whitby,M5S 4E2,ON,CA
337,Jones,4,London,N6A 3K7,ON,CA
338,Scott,4,Toronto,M5S 4E2,ON,CA
339,Ross,1,Hamilton,L8S 4L8,ON,CA
340,Jones,1,London,N6A 3K7,ON,CA
341,Stewart,1,Whitby,M5S 4E2,ON,CA
342,Bing,1,Hamilton,L8S 4L8,ON,CA
343,Edwards,4,Whitby,M5S 4E2,ON,CA
344,Coleman,4,Teeswater,N0G 2S0,ON,CA
345,Howard,4,London,N6A 3K7,ON,CA
346,Parker,4,Teeswater,N0G 2S0,ON,CA
347,Bing,4,Toronto,M5S 4E2,ON,CA
348,Price,3,Windsor,N9B 3P4,ON,CA
349,Davis,4,Hamilton,L8S 4L8,ON,CA
350,Adams,1,Windsor,N9B 3P4,ON,CA
351,Torres,3,Toronto,M5S 4E2,ON,CA
352,Bell,1,Whitby,M5S 4E2,ON,CA
353,Carter,1,London,N6A 3K7,ON,CA
354,Anderson,2,Glenburnie,L6H 7G6,ON,CA
355,Torres,4,London,N6A 3K7,ON,CA
356,Turner,3,Hamilton,L8S 4L8,ON,CA
357,Green,4,Whitby,M5S 4E2,ON,CA
358,Gray,4,Ottawa,K1N 6N5,ON,CA
359,Adams,3,Toronto,M5S 4E2,ON,CA
360,Williams,2,Glenburnie,L6H 7G6,ON,CA
361,Collins,1,Hamilton,L8S 4L8,ON,CA
362,Roberts,2,London,N6A 3K7,ON,CA
363,Nelson,2,Glenburnie,L6H 7G6,ON,CA
364,Moore,4,Windsor,N9B 3P4,ON,CA
365,Perez,1,Windsor,N9B 3P4,ON,CA
366,Long,2,Toronto,M5S 4E2,ON,CA
367,Powell,4,London,N6A 3K7,ON,CA
368,Miller,4,Whitby,M5S 4E2,ON,CA
369,Wilson,3,Toronto,M5S 4E2,ON,CA
370,Roberts,3,Teeswater,N0G 2S0,ON,CA
371,Barnes,4,Whitby,M5S 4E2,ON,CA
372,Roberts,3,Hamilton,L8S 4L8,ON,CA
373,Gonzalez,4,Ottawa,K1N 6N5,ON,CA
374,Thompson,2,Hamilton,L8S 4L8,ON,CA
375,Morgan,1,Teeswater,N0G 2S0,ON,CA
376,Bennett,2,Toronto,M5S 4E2,ON,CA
377,Hall,1,Windsor,N9B 3P4,ON,CA
378,Perez,4,Teeswater,N0G 2S0,ON,CA
379,Wright,2,Hamilton,L8S 4L8,ON,CA
380,Miller,4,Ottawa,K1N 6N5,ON,CA
381,Foster,4,Teeswater,N0G 2S0,ON,CA
382,Richardson,2,Toronto,M5S 4E2,ON,CA
383,Butler,3,Toronto,M5S 4E2,ON,CA
384,Hughes,2,London,N6A 3K7,ON,CA
385,Bell,3,Windsor,N9B 3P4,ON,CA
386,Williams,2,Glenburnie,L6H 7G6,ON,CA
387,Jones,4,Glenburnie,L6H 7G6,ON,CA
388,Morgan,3,Hamilton,L8S 4L8,ON,CA
389,Green,1,Teeswater,N0G 2S0,ON,CA
390,Jones,3,Glenburnie,L6H 7G6,ON,CA
391,Scott,1,Glenburnie,L6H 7G6,ON,CA
392,Russell,2,Glenburnie,L6H 7G6,ON,CA
393,James,3,Toronto,M5S 4E2,ON,CA
394,Taylor,2,Toronto,M5S 4E2,ON,CA
395,Nelson,3,Windsor,N9B 3P4,ON,CA
396,Howard,2,Toronto,M5S 4E2,ON,CA
397,Anderson,4,Glenburnie,L6H 7G6,ON,CA
398,Richardson,1,Windsor,N9B 3P4,ON,CA
399,Perez,4,Ottawa,K1N 6N5,ON,CA
400,Perry,3,Windsor,N9B 3P4,ON,CA
401,Sanchez,2,Windsor,N9B 3P4,ON,CA
402,Jones,1,Teeswater,N0G 2S0,ON,CA
403,Kelly,2,Hamilton,L8S 4L8,ON,CA
404,Thompson,2,Glenburnie,L6H 7G6,ON,CA
405,Morris,2,Windsor,N9B 3P4,ON,CA
406,Hernadez,4,Ottawa,K1N 6N5,ON,CA
407,Roberts,2,Toronto,M5S 4E2,ON,CA
408,Lopez,2,Whitby,M5S 4E2,ON,CA
409,Moore,1,London,N6A 3K7,ON,CA
410,Richardson,2,Ottawa,K1N 6N5,ON,CA
411,Nelson,4,Glenburnie,L6H 7G6,ON,CA
412,Sanders,3,Ottawa,K1N 6N5,ON,CA
413,Young,4,Hamilton,L8S 4L8,ON,CA
414,Evans,3,Ottawa,K1N 6N5,ON,CA
415,Walker,1,Teeswater,N0G 2S0,ON,CA
416,Williams,2,Ottawa,K1N 6N5,ON,CA
417,Hernadez,4,Whitby,M5S 4E2,ON,CA
418,Ramirez,3,Toronto,M5S 4E2,ON,CA
419,Stewart,2,Teeswater,N0G 2S0,ON,CA
420,King,1,Toronto,M5S 4E2,ON,CA
421,Barnes,3,Ottawa,K1N 6N5,ON,CA
422,Sanders,3,Toronto,M5S 4E2,ON,CA
423,Robinson,3,Windsor,N9B 3P4,ON,CA
424,Rodriquez,1,Whitby,M5S 4E2,ON,CA
425,Rivera,4,Ottawa,K1N 6N5,ON,CA
426,Howard,2,Whitby,M5S 4E2,ON,CA
427,Watson,1,Windsor,N9B 3P4,ON,CA
428,Simmons,1,Glenburnie,L6H 7G6,ON,CA
429,Watson,1,Hamilton,L8S 4L8,ON,CA
430,Anderson,1,Whitby,M5S 4E2,ON,CA
431,Brown,3,Toronto,M5S 4E2,ON,CA
432,Adams,3,Toronto,M5S 4E2,ON,CA
433,Richardson,3,Glenburnie,L6H 7G6,ON,CA
434,Peterson,2,Ottawa,K1N 6N5,ON,CA
435,Turner,3,London,N6A 3K7,ON,CA
436,Smith,1,London,N6A 3K7,ON,CA
437,Ramirez,2,Ottawa,K1N 6N5,ON,CA
438,Diaz,4,Glenburnie,L6H 7G6,ON,CA
439,Patterson,3,Hamilton,L8S 4L8,ON,CA
440,Bryant,1,Windsor,N9B 3P4,ON,CA
441,Phillips,1,Glenburnie,L6H 7G6,ON,CA
442,Ross,4,London,N6A 3K7,ON,CA
443,Perry,1,Toronto,M5S 4E2,ON,CA
444,Sanchez,4,Whitby,M5S 4E2,ON,CA
445,Patterson,4,Windsor,N9B 3P4,ON,CA
446,Watson,4,Whitby,M5S 4E2,ON,CA
447,Wilson,3,Teeswater,N0G 2S0,ON,CA
448,Campbell,4,Teeswater,N0G 2S0,ON,CA
449,Parker,4,Toronto,M5S 4E2,ON,CA
450,Howard,3,Ottawa,K1N 6N5,ON,CA
451,King,1,Windsor,N9B 3P4,ON,CA
452,Barnes,4,Teeswater,N0G 2S0,ON,CA
453,Butler,3,Toronto,M5S 4E2,ON,CA
454,Diaz,2,Ottawa,K1N 6N5,ON,CA
455,Wood,2,Windsor,N9B 3P4,ON,CA
456,Diaz,2,Hamilton,L8S 4L8,ON,CA
457,Green,3,Glenburnie,L6H 7G6,ON,CA
458,Peterson,1,Hamilton,L8S 4L8,ON,CA
459,Lopez,2,Ottawa,K1N 6N5,ON,CA
460,King,3,Toronto,M5S 4E2,ON,CA
461,Thomas,4,Teeswater,N0G 2S0,ON,CA
462,Hernadez,4,Whitby,M5S 4E2,ON,CA
463,Miller,4,Toronto,M5S 4E2,ON,CA
464,Hall,4,Toronto,M5S 4E2,ON,CA
465,Phillips,4,Toronto,M5S 4E2,ON,CA
466,Sanchez,2,Teeswater,N0G 2S0,ON,CA
467,Bailey,3,Whitby,M5S 4E2,ON,CA
468,Harris,1,Teeswater,N0G 2S0,ON,CA
469,Cooper,1,London,N6A 3K7,ON,CA
470,Smith,2,Windsor,N9B 3P4,ON,CA
471,Sanchez,2,London,N6A 3K7,ON,CA
472,Green,4,Whitby,M5S 4E2,ON,CA
473,Kelly,1,Hamilton,L8S 4L8,ON,CA
474,Morris,4,Teeswater,N0G 2S0,ON,CA
475,Moore,2,Glenburnie,L6H 7G6,ON,CA
476,Russell,3,Ottawa,K1N 6N5,ON,CA
477,Collins,2,Ottawa,K1N 6N5,ON,CA
478,Young,3,London,N6A 3K7,ON,CA
479,Smith,1,Whitby,M5S 4E2,ON,CA
480,Barnes,4,Teeswater,N0G 2S0,ON,CA
481,Thompson,3,Hamilton,L8S 4L8,ON,CA
482,Hernadez,1,Glenburnie,L6H 7G6,ON,CA
483,Price,4,Windsor,N9B 3P4,ON,CA
484,White,1,London,N6A 3K7,ON,CA
485,Allen,3,Whitby,M5S 4E2,ON,CA
486,Ross,4,London,N6A 3K7,ON,CA
487,Barnes,2,Ottawa,K1N 6N5,ON,CA
488,Bennett,2,Ottawa,K1N 6N5,ON,CA
489,Hall,1,Toronto,M5S 4E2,ON,CA
490,Brooks,2,Ottawa,K1N 6N5,ON,CA
491,Sanchez,4,Teeswater,N0G 2S0,ON,CA
492,Ramirez,1,London,N6A 3K7,ON,CA
493,Evans,2,Toronto,M5S 4E2,ON,CA
494,Peterson,2,Hamilton,L8S 4L8,ON,CA
495,Johnson,2,Teeswater,N0G 2S0,ON,CA
496,Foster,4,London,N6A 3K7,ON,CA
497,Coleman,1,Hamilton,L8S 4L8,ON,CA
498,Jackson,3,Ottawa,K1N 6N5,ON,CA
499,Wilson,2,London,N6A 3K7,ON,CA
500,Garcia,4,London,N6A 3K7,ON,CA
501,Garcia,3,Glenburnie,L6H 7G6,ON,CA
502,Bell,1,Hamilton,L8S 4L8,ON,CA
503,Sanders,1,London,N6A 3K7,ON,CA
504,Wright,3,Glenburnie,L6H 7G6,ON,CA
505,Mitchell,4,Ottawa,K1N 6N5,ON,CA
506,Ross,1,Ottawa,K1N 6N5,ON,CA
507,Sanders,2,Windsor,N9B 3P4,ON,CA
508,Campbell,4,Hamilton,L8S 4L8,ON,CA
509,Griffin,4,Windsor,N9B 3P4,ON,CA
510,Parker,4,Teeswater,N0G 2S0,ON,CA
511,Williams,2,London,N6A 3K7,ON,CA
512,Evans,3,Hamilton,L8S 4L8,ON,CA
513,Davis,4,Toronto,M5S 4E2,ON,CA
514,Carter,1,Teeswater,N0G 2S0,ON,CA
515,Cox,1,Whitby,M5S 4E2,ON,CA
516,Roberts,2,Windsor,N9B 3P4,ON,CA
517,Watson,2,Toronto,M5S 4E2,ON,CA
518,Howard,3,Teeswater,N0G 2S0,ON,CA
519,Brooks,3,Glenburnie,L6H 7G6,ON,CA
520,Williams,3,Hamilton,L8S 4L8,ON,CA
521,Ward,1,Windsor,N9B 3P4,ON,CA
522,Griffin,2,Windsor,N9B 3P4,ON,CA
523,Reed,4,Hamilton,L8S 4L8,ON,CA
524,Foster,2,Toronto,M5S 4E2,ON,CA
525,James,1,Glenburnie,L6H 7G6,ON,CA
526,Torres,2,Toronto,M5S 4E2,ON,CA
527,Sanders,2,Windsor,N9B 3P4,ON,CA
528,Howard,1,Glenburnie,L6H 7G6,ON,CA
529,Sanders,4,Teeswater,N0G 2S0,ON,CA
530,Kelly,1,Ottawa,K1N 6N5,ON,CA
531,White,2,Ottawa,K1N 6N5,ON,CA
532,Rodriquez,3,Hamilton,L8S 4L8,ON,CA
533,Long,3,Windsor,N9B 3P4,ON,CA
534,Morris,1,London,N6A 3K7,ON,CA
535,Sanchez,4,Windsor,N9B 3P4,ON,CA
536,Harris,2,Ottawa,K1N 6N5,ON,CA
537,Barnes,2,Whitby,M5S 4E2,ON,CA
538,Wilson,3,London,N6A 3K7,ON,CA
539,Sanchez,3,Hamilton,L8S 4L8,ON,CA
540,Gray,1,Hamilton,L8S 4L8,ON,CA
541,Russell,1,Ottawa,K1N 6N5,ON,CA
542,Morris,3,Ottawa,K1N 6N5,ON,CA
543,Roberts,3,Teeswater,N0G 2S0,ON,CA
544,Martin,3,Whitby,M5S 4E2,ON,CA
545,Peterson,2,Glenburnie,L6H 7G6,ON,CA
546,Turner,2,Windsor,N9B 3P4,ON,CA
547,Miller,3,Hamilton,L8S 4L8,ON,CA
548,Ward,2,Windsor,N9B 3P4,ON,CA
549,Rivera,1,Toronto,M5S 4E2,ON,CA
550,Bell,4,Toronto,M5S 4E2,ON,CA
551,Parker,3,Teeswater,N0G 2S0,ON,CA
552,Campbell,4,Hamilton,L8S 4L8,ON,CA
553,Thompson,2,Glenburnie,L6H 7G6,ON,CA
554,Martinez,2,Glenburnie,L6H 7G6,ON,CA
555,Hernadez,3,Hamilton,L8S 4L8,ON,CA
556,Brown,3,Hamilton,L8S 4L8,ON,CA
557,Simmons,1,Toronto,M5S 4E2,ON,CA
558,Green,3,Glenburnie,L6H 7G6,ON,CA
559,Baker,3,London,N6A 3K7,ON,CA
560,Barnes,4,London,N6A 3K7,ON,CA
561,Hall,4,Hamilton,L8S 4L8,ON,CA
562,Martinez,1,Glenburnie,L6H 7G6,ON,CA
563,Wilson,1,Teeswater,N0G 2S0,ON,CA
564,Gray,4,Toronto,M5S 4E2,ON,CA
565,Torres,2,Whitby,M5S 4E2,ON,CA
566,Phillips,3,Whitby,M5S 4E2,ON,CA
567,Lopez,1,Glenburnie,L6H 7G6,ON,CA
568,Peterson,3,London,N6A 3K7,ON,CA
569,Brown,3,London,N6A 3K7,ON,CA
570,Cook,1,Windsor,N9B 3P4,ON,CA
571,Gonzalez,3,Whitby,M5S 4E2,ON,CA
572,Wright,3,Glenburnie,L6H 7G6,ON,CA
573,Carter,2,Windsor,N9B 3P4,ON,CA
574,Baker,4,Glenburnie,L6H 7G6,ON,CA
575,Edwards,2,Hamilton,L8S 4L8,ON,CA
576,Williams,4,Hamilton,L8S 4L8,ON,CA
577,Bell,2,Windsor,N9B 3P4,ON,CA
578,Cook,2,Whitby,M5S 4E2,ON,CA
579,Cox,1,Glenburnie,L6H 7G6,ON,CA
580,Martin,3,Glenburnie,L6H 7G6,ON,CA
581,Clark,4,Toronto,M5S 4E2,ON,CA
582,Johnson,1,Toronto,M5S 4E2,ON,CA
583,White,4,Teeswater,N0G 2S0,ON,CA
584,Griffin,3,Windsor,N9B 3P4,ON,CA
585,Wright,2,Toronto,M5S 4E2,ON,CA
586,Washington,4,Whitby,M5S 4E2,ON,CA
587,Howard,4,Toronto,M5S 4E2,ON,CA
588,Phillips,3,Whitby,M5S 4E2,ON,CA
589,Jones,1,Glenburnie,L6H 7G6,ON,CA
590,Nelson,1,Hamilton,L8S 4L8,ON,CA
591,Washington,3,Glenburnie,L6H 7G6,ON,CA
592,Ramirez,1,Toronto,M5S 4E2,ON,CA
593,Rodgers,4,Ottawa,K1N 6N5,ON,CA
594,Robinson,3,Glenburnie,L6H 7G6,ON,CA
595,Powell,3,Ottawa,K1N 6N5,ON,CA
596,Hernadez,4,Ottawa,K1N 6N5,ON,CA
597,Phillips,3,London,N6A 3K7,ON,CA
598,Richardson,2,Hamilton,L8S 4L8,ON,CA
599,Cook,3,Hamilton,L8S 4L8,ON,CA
600,Roberts,2,Glenburnie,L6H 7G6,ON,CA
601,Baker,4,Windsor,N9B 3P4,ON,CA
602,Carter,2,Whitby,M5S 4E2,ON,CA
603,Garcia,2,Whitby,M5S 4E2,ON,CA
604,Reed,4,Ottawa,K1N 6N5,ON,CA
605,Lewis,1,Toronto,M5S 4E2,ON,CA
606,Wright,3,Ottawa,K1N 6N5,ON,CA
607,Allen,2,Glenburnie,L6H 7G6,ON,CA
608,Bing,3,Whitby,M5S 4E2,ON,CA
609,Long,3,Teeswater,N0G 2S0,ON,CA
610,Phillips,1,Ottawa,K1N 6N5,ON,CA
611,Evans,1,Teeswater,N0G 2S0,ON,CA
612,Carter,1,Windsor,N9B 3P4,ON,CA
613,Davis,2,London,N6A 3K7,ON,CA
614,Perry,3,Glenburnie,L6H 7G6,ON,CA
615,Murphy,4,Glenburnie,L6H 7G6,ON,CA
616,Lee,2,Ottawa,K1N 6N5,ON,CA
617,James,1,Glenburnie,L6H 7G6,ON,CA
618,Wilson,2,Whitby,M5S 4E2,ON,CA
619,Ross,1,Teeswater,N0G 2S0,ON,CA
620,Lee,1,Hamilton,L8S 4L8,ON,CA
621,Robinson,1,Windsor,N9B 3P4,ON,CA
622,Hall,1,Glenburnie,L6H 7G6,ON,CA
623,Morris,4,Ottawa,K1N 6N5,ON,CA
624,Howard,1,Hamilton,L8S 4L8,ON,CA
625,Cooper,1,London,N6A 3K7,ON,CA
626,Powell,2,Teeswater,N0G 2S0,ON,CA
627,Smith,1,Hamilton,L8S 4L8,ON,CA
628,Foster,4,Teeswater,N0G 2S0,ON,CA
629,Green,2,Teeswater,N0G 2S0,ON,CA
630,Richardson,2,Teeswater,N0G 2S0,ON,CA
631,Watson,4,Teeswater,N0G 2S0,ON,CA
632,Lee,3,Hamilton,L8S 4L8,ON,CA
633,Alexander,4,Glenburnie,L6H 7G6,ON,CA
634,Richardson,1,Ottawa,K1N 6N5,ON,CA
635,Carter,2,Windsor,N9B 3P4,ON,CA
636,Richardson,1,Windsor,N9B 3P4,ON,CA
637,Davis,3,Whitby,M5S 4E2,ON,CA
638,Allen,2,Glenburnie,L6H 7G6,ON,CA
639,Anderson,1,Toronto,M5S 4E2,ON,CA
640,Jones,3,Whitby,M5S 4E2,ON,CA
641,Green,1,Ottawa,K1N 6N5,ON,CA
642,Walker,1,Whitby,M5S 4E2,ON,CA
643,Phillips,4,Whitby,M5S 4E2,ON,CA
644,Barnes,1,London,N6A 3K7,ON,CA
645,Kelly,1,Teeswater,N0G 2S0,ON,CA
646,Lopez,4,Ottawa,K1N 6N5,ON,CA
647,Roberts,4,Windsor,N9B 3P4,ON,CA
648,Mitchell,3,Teeswater,N0G 2S0,ON,CA
649,Perry,3,Ottawa,K1N 6N5,ON,CA
650,Powell,4,Hamilton,L8S 4L8,ON,CA
651,Gray,4,Ottawa,K1N 6N5,ON,CA
652,Barnes,4,Glenburnie,L6H 7G6,ON,CA
653,Bryant,1,Hamilton,L8S 4L8,ON,CA
654,Bennett,3,Toronto,M5S 4E2,ON,CA
655,Perry,2,Ottawa,K1N 6N5,ON,CA
656,Brown,1,London,N6A 3K7,ON,CA
657,Evans,4,Whitby,M5S 4E2,ON,CA
658,Sanders,3,London,N6A 3K7,ON,CA
659,Price,1,Whitby,M5S 4E2,ON,CA
660,Torres,2,Hamilton,L8S 4L8,ON,CA
661,Price,1,Windsor,N9B 3P4,ON,CA
662,Collins,4,Toronto,M5S 4E2,ON,CA
663,Morgan,2,London,N6A 3K7,ON,CA
664,Adams,1,Whitby,M5S 4E2,ON,CA
665,Powell,4,Glenburnie,L6H 7G6,ON,CA
666,Butler,1,Windsor,N9B 3P4,ON,CA
667,Gray,4,Glenburnie,L6H 7G6,ON,CA
668,Miller,3,Ottawa,K1N 6N5,ON,CA
669,Reed,1,Hamilton,L8S 4L8,ON,CA
670,Garcia,4,Hamilton,L8S 4L8,ON,CA
671,Jenkins,2,Ottawa,K1N 6N5,ON,CA
672,Bryant,2,Toronto,M5S 4E2,ON,CA
673,Harris,1,London,N6A 3K7,ON,CA
674,Flores,3,Teeswater,N0G 2S0,ON,CA
675,Garcia,2,Toronto,M5S 4E2,ON,CA
676,Simmons,3,Toronto,M5S 4E2,ON,CA
677,Russell,2,Windsor,N9B 3P4,ON,CA
678,Barnes,3,Toronto,M5S 4E2,ON,CA
679,Gray,2,Glenburnie,L6H 7G6,ON,CA
680,Ward,2,Windsor,N9B 3P4,ON,CA
681,Turner,2,Windsor,N9B 3P4,ON,CA
682,Turner,3,Windsor,N9B 3P4,ON,CA
683,Anderson,2,Ottawa,K1N 6N5,ON,CA
684,Perez,4,Whitby,M5S 4E2,ON,CA
685,Thomas,1,Whitby,M5S 4E2,ON,CA
686,Hughes,3,Glenburnie,L6H 7G6,ON,CA
687,Watson,2,London,N6A 3K7,ON,CA
688,Mitchell,3,Toronto,M5S 4E2,ON,CA
689,Perry,4,Ottawa,K1N 6N5,ON,CA
690,Lewis,1,Toronto,M5S 4E2,ON,CA
691,Hernadez,2,Whitby,M5S 4E2,ON,CA
692,Kelly,4,Glenburnie,L6H 7G6,ON,CA
693,Long,2,Ottawa,K1N 6N5,ON,CA
694,Hall,1,Ottawa,K1N 6N5,ON,CA
695,Perez,3,London,N6A 3K7,ON,CA
696,Jackson,2,Whitby,M5S 4E2,ON,CA
697,Harris,2,Hamilton,L8S 4L8,ON,CA
698,Baker,1,London,N6A 3K7,ON,CA
699,Lopez,2,Whitby,M5S 4E2,ON,CA
700,Lopez,4,Glenburnie,L6H 7G6,ON,CA
701,Cox,2,London,N6A 3K7,ON,CA
702,Patterson,2,Toronto,M5S 4E2,ON,CA
703,Gonzalez,2,Hamilton,L8S 4L8,ON,CA
704,Nelson,2,Toronto,M5S 4E2,ON,CA
705,Morris,2,Glenburnie,L6H 7G6,ON,CA
706,Hughes,3,Hamilton,L8S 4L8,ON,CA
707,Parker,1,Glenburnie,L6H 7G6,ON,CA
708,Powell,4,Windsor,N9B 3P4,ON,CA
709,Scott,4,Windsor,N9B 3P4,ON,CA
710,Thompson,2,Whitby,M5S 4E2,ON,CA
711,Simmons,3,Windsor,N9B 3P4,ON,CA
712,King,1,Windsor,N9B 3P4,ON,CA
713,Thomas,1,Toronto,M5S 4E2,ON,CA
714,Rivera,1,Hamilton,L8S 4L8,ON,CA
715,Long,4,Whitby,M5S 4E2,ON,CA
716,Reed,3,Glenburnie,L6H 7G6,ON,CA
717,Mitchell,1,Ottawa,K1N 6N5,ON,CA
718,Bing,3,Hamilton,L8S 4L8,ON,CA
719,Long,2,Glenburnie,L6H 7G6,ON,CA
720,Perez,2,Glenburnie,L6H 7G6,ON,CA
721,Nelson,1,Windsor,N9B 3P4,ON,CA
722,King,2,Teeswater,N0G 2S0,ON,CA
723,Turner,4,London,N6A 3K7,ON,CA
724,Green,1,Teeswater,N0G 2S0,ON,CA
725,Cooper,2,Teeswater,N0G 2S0,ON,CA
726,Bryant,1,Windsor,N9B 3P4,ON,CA
727,Edwards,3,Glenburnie,L6H 7G6,ON,CA
728,Phillips,2,Ottawa,K1N 6N5,ON,CA
729,Baker,1,London,N6A 3K7,ON,CA
730,Rodgers,4,London,N6A 3K7,ON,CA
731,Sanders,2,Toronto,M5S 4E2,ON,CA
732,Martin,1,Whitby,M5S 4E2,ON,CA
733,Morris,1,Whitby,M5S 4E2,ON,CA
734,Morgan,1,London,N6A 3K7,ON,CA
735,Davis,4,Teeswater,N0G 2S0,ON,CA
736,Price,2,Ottawa,K1N 6N5,ON,CA
737,Foster,3,London,N6A 3K7,ON,CA
738,Foster,1,Glenburnie,L6H 7G6,ON,CA
739,Johnson,4,London,N6A 3K7,ON,CA
740,Wright,4,Windsor,N9B 3P4,ON,CA
741,Long,2,Windsor,N9B 3P4,ON,CA
742,Peterson,4,Hamilton,L8S 4L8,ON,CA
743,Cox,4,Ottawa,K1N 6N5,ON,CA
744,Green,4,Windsor,N9B 3P4,ON,CA
745,Washington,3,Teeswater,N0G 2S0,ON,CA
746,Long,3,Glenburnie,L6H 7G6,ON,CA
747,Reed,2,Toronto,M5S 4E2,ON,CA
748,Robinson,3,Teeswater,N0G 2S0,ON,CA
749,Young,2,Teeswater,N0G 2S0,ON,CA
750,Bing,3,Windsor,N9B 3P4,ON,CA
751,Butler,2,Toronto,M5S 4E2,ON,CA
752,Davis,2,Teeswater,N0G 2S0,ON,CA
753,Perez,3,Hamilton,L8S 4L8,ON,CA
754,Taylor,3,London,N6A 3K7,ON,CA
755,Gonzalez,3,Whitby,M5S 4E2,ON,CA
756,Wilson,2,Teeswater,N0G 2S0,ON,CA
757,Martinez,2,Windsor,N9B 3P4,ON,CA
758,Gonzalez,4,Ottawa,K1N 6N5,ON,CA
759,Hughes,1,Glenburnie,L6H 7G6,ON,CA
760,Phillips,4,Hamilton,L8S 4L8,ON,CA
761,Russell,1,Hamilton,L8S 4L8,ON,CA
762,Moore,4,Toronto,M5S 4E2,ON,CA
763,Barnes,4,Hamilton,L8S 4L8,ON,CA
764,Griffin,1,Ottawa,K1N 6N5,ON,CA
765,Sanchez,4,London,N6A 3K7,ON,CA
766,Peterson,1,Whitby,M5S 4E2,ON,CA
767,Diaz,3,Toronto,M5S 4E2,ON,CA
768,Martin,3,London,N6A 3K7,ON,CA
769,Alexander,2,Glenburnie,L6H 7G6,ON,CA
770,Baker,1,Glenburnie,L6H 7G6,ON,CA
771,Butler,3,Ottawa,K1N 6N5,ON,CA
772,Bennett,3,Ottawa,K1N 6N5,ON,CA
773,Morris,1,London,N6A 3K7,ON,CA
774,Adams,1,Glenburnie,L6H 7G6,ON,CA
775,Walker,3,Hamilton,L8S 4L8,ON,CA
776,Martinez,2,Whitby,M5S 4E2,ON,CA
777,Smith,3,Ottawa,K1N 6N5,ON,CA
778,Bennett,1,Glenburnie,L6H 7G6,ON,CA
779,Alexander,3,Teeswater,N0G 2S0,ON,CA
780,Long,1,Teeswater,N0G 2S0,ON,CA
781,Rivera,3,Ottawa,K1N 6N5,ON,CA
782,Price,1,Teeswater,N0G 2S0,ON,CA
783,Alexander,3,Ottawa,K1N 6N5,ON,CA
784,Miller,3,Glenburnie,L6H 7G6,ON,CA
785,Diaz,2,Windsor,N9B 3P4,ON,CA
786,Rodriquez,4,Teeswater,N0G 2S0,ON,CA
787,White,2,Ottawa,K1N 6N5,ON,CA
788,Bailey,4,London,N6A 3K7,ON,CA
789,Smith,4,Teeswater,N0G 2S0,ON,CA
790,Torres,4,Windsor,N9B 3P4,ON,CA
791,Edwards,4,Glenburnie,L6H 7G6,ON,CA
792,Bing,1,Whitby,M5S 4E2,ON,CA
793,Miller,2,Toronto,M5S 4E2,ON,CA
794,Patterson,1,Teeswater,N0G 2S0,ON,CA
795,Griffin,3,Windsor,N9B 3P4,ON,CA
796,Thomas,3,Whitby,M5S 4E2,ON,CA
797,King,4,Glenburnie,L6H 7G6,ON,CA
798,Hill,3,Teeswater,N0G 2S0,ON,CA
799,Campbell,4,Glenburnie,L6H 7G6,ON,CA
800,Jones,1,Teeswater,N0G 2S0,ON,CA
801,Turner,4,Whitby,M5S 4E2,ON,CA
802,Bennett,1,Ottawa,K1N 6N5,ON,CA
803,Flores,3,Ottawa,K1N 6N5,ON,CA
804,Lee,3,Ottawa,K1N 6N5,ON,CA
805,Clark,2,Glenburnie,L6H 7G6,ON,CA
806,Brown,4,Whitby,M5S 4E2,ON,CA
807,Gonzalez,4,Teeswater,N0G 2S0,ON,CA
808,Young,4,London,N6A 3K7,ON,CA
809,Brooks,3,Teeswater,N0G 2S0,ON,CA
810,Barnes,3,Ottawa,K1N 6N5,ON,CA
811,Perry,3,Teeswater,N0G 2S0,ON,CA
812,Hernadez,4,Ottawa,K1N 6N5,ON,CA
813,Price,3,Toronto,M5S 4E2,ON,CA
814,Cooper,4,Windsor,N9B 3P4,ON,CA
815,Ramirez,1,Ottawa,K1N 6N5,ON,CA
816,Simmons,3,Teeswater,N0G 2S0,ON,CA
817,Moore,4,Hamilton,L8S 4L8,ON,CA
818,Ramirez,2,Toronto,M5S 4E2,ON,CA
819,Jackson,1,Ottawa,K1N 6N5,ON,CA
820,Barnes,3,Toronto,M5S 4E2,ON,CA
821,Coleman,2,Teeswater,N0G 2S0,ON,CA
822,Brown,1,Teeswater,N0G 2S0,ON,CA
823,Morgan,3,Windsor,N9B 3P4,ON,CA
824,Brown,2,London,N6A 3K7,ON,CA
825,Morgan,2,Whitby,M5S 4E2,ON,CA
826,Price,2,Glenburnie,L6H 7G6,ON,CA
827,Young,1,Glenburnie,L6H 7G6,ON,CA
828,Thomas,3,Toronto,M5S 4E2,ON,CA
829,Jones,3,Teeswater,N0G 2S0,ON,CA
830,Jenkins,2,Toronto,M5S 4E2,ON,CA
831,Harris,4,Toronto,M5S 4E2,ON,CA
832,Jones,4,London,N6A 3K7,ON,CA
833,Brooks,4,Hamilton,L8S 4L8,ON,CA
834,Brown,2,Windsor,N9B 3P4,ON,CA
835,Watson,1,Toronto,M5S 4E2,ON,CA
836,Evans,3,Toronto,M5S 4E2,ON,CA
837,Taylor,4,Glenburnie,L6H 7G6,ON,CA
838,Davis,2,Whitby,M5S 4E2,ON,CA
839,Torres,3,Teeswater,N0G 2S0,ON,CA
840,Russell,4,London,N6A 3K7,ON,CA
841,King,2,Windsor,N9B 3P4,ON,CA
842,Kelly,3,London,N6A 3K7,ON,CA
843,King,1,London,N6A 3K7,ON,CA
844,Simmons,1,Hamilton,L8S 4L8,ON,CA
845,Diaz,1,Whitby,M5S 4E2,ON,CA
846,Young,3,Glenburnie,L6H 7G6,ON,CA
847,Wilson,2,Teeswater,N0G 2S0,ON,CA
848,Russell,3,Teeswater,N0G 2S0,ON,CA
849,Cox,4,Hamilton,L8S 4L8,ON,CA
850,Green,3,Glenburnie,L6H 7G6,ON,CA
851,Murphy,1,Hamilton,L8S 4L8,ON,CA
852,Hall,3,Toronto,M5S 4E2,ON,CA
853,Smith,3,Ottawa,K1N 6N5,ON,CA
854,Campbell,1,Ottawa,K1N 6N5,ON,CA
855,Allen,2,Hamilton,L8S 4L8,ON,CA
856,Watson,1,Windsor,N9B 3P4,ON,CA
857,Torres,3,Windsor,N9B 3P4,ON,CA
858,Jackson,1,London,N6A 3K7,ON,CA
859,Hughes,1,Glenburnie,L6H 7G6,ON,CA
860,Martinez,1,Glenburnie,L6H 7G6,ON,CA
861,Roberts,3,Toronto,M5S 4E2,ON,CA
862,Hernadez,2,Hamilton,L8S 4L8,ON,CA
863,Jones,1,Ottawa,K1N 6N5,ON,CA
864,Walker,2,Glenburnie,L6H 7G6,ON,CA
865,Miller,1,Teeswater,N0G 2S0,ON,CA
866,Jones,3,Whitby,M5S 4E2,ON,CA
867,Hill,1,London,N6A 3K7,ON,CA
868,Garcia,3,Teeswater,N0G 2S0,ON,CA
869,Perez,3,London,N6A 3K7,ON,CA
870,Diaz,4,Windsor,N9B 3P4,ON,CA
871,Johnson,1,Teeswater,N0G 2S0,ON,CA
872,Long,4,Hamilton,L8S 4L8,ON,CA
873,Stewart,1,Ottawa,K1N 6N5,ON,CA
874,Garcia,2,Ottawa,K1N 6N5,ON,CA
875,Flores,1,Toronto,M5S 4E2,ON,CA
876,Kelly,2,Glenburnie,L6H 7G6,ON,CA
877,Clark,1,Ottawa,K1N 6N5,ON,CA
878,Lopez,2,Ottawa,K1N 6N5,ON,CA
879,Allen,1,Hamilton,L8S 4L8,ON,CA
880,Young,1,Teeswater,N0G 2S0,ON,CA
881,Parker,1,Whitby,M5S 4E2,ON,CA
882,Cook,3,Glenburnie,L6H 7G6,ON,CA
883,Kelly,1,Glenburnie,L6H 7G6,ON,CA
884,Edwards,3,Whitby,M5S 4E2,ON,CA
885,Miller,4,Whitby,M5S 4E2,ON,CA
886,Rivera,2,Whitby,M5S 4E2,ON,CA
887,Phillips,3,Toronto,M5S 4E2,ON,CA
888,Bennett,2,Glenburnie,L6H 7G6,ON,CA
889,Rivera,1,Teeswater,N0G 2S0,ON,CA
890,Baker,2,Windsor,N9B 3P4,ON,CA
891,Hernadez,4,Teeswater,N0G 2S0,ON,CA
892,Jackson,2,London,N6A 3K7,ON,CA
893,Rivera,2,Hamilton,L8S 4L8,ON,CA
894,Rivera,4,London,N6A 3K7,ON,CA
895,Flores,1,Toronto,M5S 4E2,ON,CA
896,Foster,2,Toronto,M5S 4E2,ON,CA
897,Butler,4,Whitby,M5S 4E2,ON,CA
898,Diaz,3,Teeswater,N0G 2S0,ON,CA
899,Lee,1,Ottawa,K1N 6N5,ON,CA
900,Evans,3,Glenburnie,L6H 7G6,ON,CA
901,Henderson,2,London,N6A 3K7,ON,CA
902,Brooks,4,Ottawa,K1N 6N5,ON,CA
903,Morgan,1,Ottawa,K1N 6N5,ON,CA
904,Henderson,1,Whitby,M5S 4E2,ON,CA
905,Clark,3,Whitby,M5S 4E2,ON,CA
906,Lee,4,Whitby,M5S 4E2,ON,CA
907,Wood,1,Ottawa,K1N 6N5,ON,CA
908,Perry,3,Hamilton,L8S 4L8,ON,CA
909,Lewis,2,Teeswater,N0G 2S0,ON,CA
910,Walker,4,Ottawa,K1N 6N5,ON,CA
911,Bryant,4,Teeswater,N0G 2S0,ON,CA
912,Campbell,1,Windsor,N9B 3P4,ON,CA
913,Campbell,4,London,N6A 3K7,ON,CA
914,Rodriquez,2,Whitby,M5S 4E2,ON,CA
915,Martin,2,Hamilton,L8S 4L8,ON,CA
916,Cook,4,Windsor,N9B 3P4,ON,CA
917,Peterson,3,Teeswater,N0G 2S0,ON,CA
918,Jones,3,Teeswater,N0G 2S0,ON,CA
919,Clark,3,Teeswater,N0G 2S0,ON,CA
920,Mitchell,4,Hamilton,L8S 4L8,ON,CA
921,Henderson,1,Windsor,N9B 3P4,ON,CA
922,Griffin,2,Windsor,N9B 3P4,ON,CA
923,Garcia,3,London,N6A 3K7,ON,CA
924,Adams,4,Teeswater,N0G 2S0,ON,CA
925,Wilson,4,Glenburnie,L6H 7G6,ON,CA
926,Wilson,4,London,N6A 3K7,ON,CA
927,Bing,4,Toronto,M5S 4E2,ON,CA
928,Lopez,3,Whitby,M5S 4E2,ON,CA
929,Coleman,2,London,N6A 3K7,ON,CA
930,Stewart,4,Hamilton,L8S 4L8,ON,CA
931,Richardson,3,Hamilton,L8S 4L8,ON,CA
932,White,3,Whitby,M5S 4E2,ON,CA
933,Lewis,3,Toronto,M5S 4E2,ON,CA
934,Cox,1,Toronto,M5S 4E2,ON,CA
935,Washington,4,Ottawa,K1N 6N5,ON,CA
936,Gonzalez,2,Whitby,M5S 4E2,ON,CA
937,Bing,1,Hamilton,L8S 4L8,ON,CA
938,Lee,4,Glenburnie,L6H 7G6,ON,CA
939,King,1,Hamilton,L8S 4L8,ON,CA
940,Hill,1,Toronto,M5S 4E2,ON,CA
941,Rivera,4,Teeswater,N0G 2S0,ON,CA
942,Wilson,2,Windsor,N9B 3P4,ON,CA
943,Parker,1,Windsor,N9B 3P4,ON,CA
944,Turner,4,Glenburnie,L6H 7G6,ON,CA
945,Peterson,3,Whitby,M5S 4E2,ON,CA
946,King,4,Hamilton,L8S 4L8,ON,CA
947,Mitchell,3,Hamilton,L8S 4L8,ON,CA
948,Brooks,3,Teeswater,N0G 2S0,ON,CA
949,Wilson,1,London,N6A 3K7,ON,CA
950,Roberts,4,London,N6A 3K7,ON,CA
951,Phillips,1,Hamilton,L8S 4L8,ON,CA
952,Cox,2,Toronto,M5S 4E2,ON,CA
953,Martin,2,Teeswater,N0G 2S0,ON,CA
954,Edwards,2,Windsor,N9B 3P4,ON,CA
955,Thomas,2,Teeswater,N0G 2S0,ON,CA
956,Scott,4,London,N6A 3K7,ON,CA
957,Griffin,3,Toronto,M5S 4E2,ON,CA
958,Phillips,4,Whitby,M5S 4E2,ON,CA
959,Ward,1,Glenburnie,L6H 7G6,ON,CA
960,Campbell,4,Teeswater,N0G 2S0,ON,CA
961,Turner,4,Glenburnie,L6H 7G6,ON,CA
962,Long,4,Whitby,M5S 4E2,ON,CA
963,Jones,1,Glenburnie,L6H 7G6,ON,CA
964,Sanders,1,Ottawa,K1N 6N5,ON,CA
965,Moore,2,Hamilton,L8S 4L8,ON,CA
966,Williams,2,Whitby,M5S 4E2,ON,CA
967,Jones,4,Hamilton,L8S 4L8,ON,CA
968,Thomas,2,Windsor,N9B 3P4,ON,CA
969,Ward,2,Teeswater,N0G 2S0,ON,CA
970,Adams,3,Hamilton,L8S 4L8,ON,CA
971,Nelson,3,Windsor,N9B 3P4,ON,CA
972,Lopez,4,Teeswater,N0G 2S0,ON,CA
973,Campbell,2,Teeswater,N0G 2S0,ON,CA
974,White,4,Hamilton,L8S 4L8,ON,CA
975,Morgan,3,Ottawa,K1N 6N5,ON,CA
976,Brooks,3,Hamilton,L8S 4L8,ON,CA
977,Barnes,3,Teeswater,N0G 2S0,ON,CA
978,King,3,London,N6A 3K7,ON,CA
979,Bryant,2,Whitby,M5S 4E2,ON,CA
980,Barnes,3,London,N6A 3K7,ON,CA
981,Powell,3,Ottawa,K1N 6N5,ON,CA
982,Butler,2,London,N6A 3K7,ON,CA
983,Jenkins,1,Teeswater,N0G 2S0,ON,CA
984,Rodgers,4,Toronto,M5S 4E2,ON,CA
985,Gonzalez,4,Glenburnie,L6H 7G6,ON,CA
986,Taylor,4,Whitby,M5S 4E2,ON,CA
987,Williams,2,Hamilton,L8S 4L8,ON,CA
988,Perez,1,Ottawa,K1N 6N5,ON,CA
989,Evans,2,Toronto,M5S 4E2,ON,CA
990,Rivera,4,Glenburnie,L6H 7G6,ON,CA
991,Johnson,1,London,N6A 3K7,ON,CA
992,Sanders,1,Hamilton,L8S 4L8,ON,CA
993,Baker,1,Teeswater,N0G 2S0,ON,CA
994,Walker,3,Hamilton,L8S 4L8,ON,CA
995,Cook,2,Glenburnie,L6H 7G6,ON,CA
996,James,2,Ottawa,K1N 6N5,ON,CA
997,Green,4,Hamilton,L8S 4L8,ON,CA
998,Alexander,4,London,N6A 3K7,ON,CA
999,Powell,1,Whitby,M5S 4E2,ON,CA
